,link,first_name,last_name,nationality,year
0,https://web.archive.org/web/20121007173054/http://www.nga.gov/cgi-bin/tsearch?artistid=29971,David,Faber,American, born 1950
1,https://web.archive.org/web/20121007173054/http://www.nga.gov/cgi-bin/tsearch?artistid=14182,Johann Joachim,Faber,German, 1778 - 1846
2,https://web.archive.org/web/20121007173054/http://www.nga.gov/cgi-bin/tsearch?artistid=28714,Karl Gottfried Traugott,Faber,German, 1786 - 1863
3,https://web.archive.org/web/20121007173054/http://www.nga.gov/cgi-bin/tsearch?artistid=4047,John,Faber II,Dutch, c. 1684 - 1756
4,https://web.archive.org/web/20121007173054/http://www.nga.gov/cgi-bin/tsearch?artistid=27180,Mary,Fabilli,American, born 1914
5,https://web.archive.org/web/20121007173054/http://www.nga.gov/cgi-bin/tsearch?artistid=4048,Ralph,Fabri,American, 1894 - 1975
6,https://web.archive.org/web/20121007173054/http://www.nga.gov/cgi-bin/tsearch?artistid=1331,Gentile da,Fabriano,Italian, c. 1370 - 1427
7,https://web.archive.org/web/20121007173054/http://www.nga.gov/cgi-bin/tsearch?artistid=6892,Carel,Fabritius,Dutch, c. 1622 - 1654
8,https://web.archive.org/web/20121007173054/http://www.nga.gov/cgi-bin/tsearch?artistid=34923,Dominique C.,Fabronius,American, born Belgium
9,https://web.archive.org/web/20121007173054/http://www.nga.gov/cgi-bin/tsearch?artistid=4049,Pietro,Faccini,Italian, probably c. 1562 - 1602
10,https://web.archive.org/web/20121007173054/http://www.nga.gov/cgi-bin/tsearch?artistid=5645,John,Faed,Scottish, probably 1819 - 1902
11,https://web.archive.org/web/20121007173054/http://www.nga.gov/cgi-bin/tsearch?artistid=9908,,Faentine 16th Century,,
12,https://web.archive.org/web/20121007173054/http://www.nga.gov/cgi-bin/tsearch?artistid=1477,Pieter van der,Faes,British, 1618 - 1680
13,https://web.archive.org/web/20121007173054/http://www.nga.gov/cgi-bin/tsearch?artistid=33404,James,Fagan,American, 1864 - 1910
14,https://web.archive.org/web/20121007173054/http://www.nga.gov/cgi-bin/tsearch?artistid=4053,Oyvind,Fahlstrom,American, 1928 - 1976
15,https://web.archive.org/web/20121007173054/http://www.nga.gov/cgi-bin/tsearch?artistid=7489,Samuel,Faigin,American, active c. 1935
16,https://web.archive.org/web/20121007173054/http://www.nga.gov/cgi-bin/tsearch?artistid=7490,George,Fairbanks,American, active c. 1935
17,https://web.archive.org/web/20121007173054/http://www.nga.gov/cgi-bin/tsearch?artistid=2495,Semantha,Fairbanks,American, active c. 1843
18,https://web.archive.org/web/20121007173054/http://www.nga.gov/cgi-bin/tsearch?artistid=7491,Elizabeth,Fairchild,American, active c. 1935
19,https://web.archive.org/web/20121007173054/http://www.nga.gov/cgi-bin/tsearch?artistid=4054,Wilfred,Fairclough,British, born 1907
20,https://web.archive.org/web/20121007173054/http://www.nga.gov/cgi-bin/tsearch?artistid=6092,William,Fairland,British, active c. 1828
21,https://web.archive.org/web/20121007173054/http://www.nga.gov/cgi-bin/tsearch?artistid=4055,William,Faithorne,English, 1616 - 1691
22,https://web.archive.org/web/20121007173054/http://www.nga.gov/cgi-bin/tsearch?artistid=4055,William I,Faithorne,English, 1616 - 1691
23,https://web.archive.org/web/20121007173054/http://www.nga.gov/cgi-bin/tsearch?artistid=4055,William,Faithorne the Elder,English, 1616 - 1691
24,https://web.archive.org/web/20121007173054/http://www.nga.gov/cgi-bin/tsearch?artistid=6820,Biagio,Falcieri,Italian, 1628 - 1703
25,https://web.archive.org/web/20121007173054/http://www.nga.gov/cgi-bin/tsearch?artistid=23452,Domenico,Falcini,Italian, born c. 1570
26,https://web.archive.org/web/20121007173054/http://www.nga.gov/cgi-bin/tsearch?artistid=4056,Jeremias,Falck,German, c. 1619 - 1677
27,https://web.archive.org/web/20121007173054/http://www.nga.gov/cgi-bin/tsearch?artistid=4057,Aniello,Falcone,Italian, 1607 - 1656
28,https://web.archive.org/web/20121007173054/http://www.nga.gov/cgi-bin/tsearch?artistid=33405,John Mackie,Falconer,American, 1820 - 1903
29,https://web.archive.org/web/20121010212559/http://www.nga.gov/cgi-bin/tsearch?artistid=2101,Etienne-Maurice,Falconet,French, 1716 - 1791
30,https://web.archive.org/web/20121010212559/http://www.nga.gov/cgi-bin/tsearch?artistid=4058,Pierre-Etienne,Falconet,French, 1741 - 1791
31,https://web.archive.org/web/20121010212559/http://www.nga.gov/cgi-bin/tsearch?artistid=6619,Angiolo,Falconetti,Italian, active c. 1555/1567
32,https://web.archive.org/web/20121010212559/http://www.nga.gov/cgi-bin/tsearch?artistid=6619,Angelo,Falconetto,Italian, active c. 1555/1567
33,https://web.archive.org/web/20121010212559/http://www.nga.gov/cgi-bin/tsearch?artistid=4059,Giovanni Battista,Falda,Italian, 1648 - 1678
34,https://web.archive.org/web/20121010212559/http://www.nga.gov/cgi-bin/tsearch?artistid=4060,Giovanni Antonio,Faldoni,Italian, c. 1690 - c. 1770
35,https://web.archive.org/web/20121010212559/http://www.nga.gov/cgi-bin/tsearch?artistid=2102,Giovanni,Faletro,Italian, active first half 16th century
36,https://web.archive.org/web/20121010212559/http://www.nga.gov/cgi-bin/tsearch?artistid=4061,Anton,Falger,German, 1791 - 1850 or after
37,https://web.archive.org/web/20121010212559/http://www.nga.gov/cgi-bin/tsearch?artistid=28434,Jean-Alexandre-Joseph,Falguière,French, 1831 - 1900
38,https://web.archive.org/web/20121010212559/http://www.nga.gov/cgi-bin/tsearch?artistid=2102,Giovanni,Falier,Italian, active first half 16th century
39,https://web.archive.org/web/20121010212559/http://www.nga.gov/cgi-bin/tsearch?artistid=4056,Jeremias,Falk,German, c. 1619 - 1677
40,https://web.archive.org/web/20121010212559/http://www.nga.gov/cgi-bin/tsearch?artistid=33406,Claire,Falkenstein,American, 1908 - 1997
41,https://web.archive.org/web/20121010212559/http://www.nga.gov/cgi-bin/tsearch?artistid=7492,Michael,Fallon,American, active c. 1935
42,https://web.archive.org/web/20121010212559/http://www.nga.gov/cgi-bin/tsearch?artistid=27698,Constant Alexandre,Famin,French, 1827 - 1888
43,https://web.archive.org/web/20121010212559/http://www.nga.gov/cgi-bin/tsearch?artistid=7493,Marie,Famularo,American, 1901 - 1975
44,https://web.archive.org/web/20121010212559/http://www.nga.gov/cgi-bin/tsearch?artistid=30590,Cosimo,Fancelli,Italian, 1620 - 1688
45,https://web.archive.org/web/20121010212559/http://www.nga.gov/cgi-bin/tsearch?artistid=6821,Pietro,Fancelli,Italian, 1764 - 1850
46,https://web.archive.org/web/20121010212559/http://www.nga.gov/cgi-bin/tsearch?artistid=5967,Francesco,Fanelli,Italian, active 1608/1665
47,https://web.archive.org/web/20121010212559/http://www.nga.gov/cgi-bin/tsearch?artistid=2224,Pietro da,Fano,Italian, active 1452/1464
48,https://web.archive.org/web/20121010212559/http://www.nga.gov/cgi-bin/tsearch?artistid=1275,Henri,Fantin-Latour,French, 1836 - 1904
49,https://web.archive.org/web/20121010212559/http://www.nga.gov/cgi-bin/tsearch?artistid=1275,Ignace-Henri-Jean-Theodore,Fantin-Latour,French, 1836 - 1904
50,https://web.archive.org/web/20121010212559/http://www.nga.gov/cgi-bin/tsearch?artistid=4062,Antonio,Fantuzzi,Italian, c. 1510 - 1550 or after
51,https://web.archive.org/web/20121010212559/http://www.nga.gov/cgi-bin/tsearch?artistid=4063,,Farfa,Italian, 1881 - 1964
52,https://web.archive.org/web/20121010212559/http://www.nga.gov/cgi-bin/tsearch?artistid=11739,Fernando de la Torre,Farfán,Spanish, 1609 - 1677
53,https://web.archive.org/web/20121010212559/http://www.nga.gov/cgi-bin/tsearch?artistid=7114,Louis,Farigoule,French, 1885 - 1972
54,https://web.archive.org/web/20121010212559/http://www.nga.gov/cgi-bin/tsearch?artistid=13585,Orazio,Farinati,Italian, 1559 - after 1616
55,https://web.archive.org/web/20121010212559/http://www.nga.gov/cgi-bin/tsearch?artistid=2496,Paolo,Farinati,Italian, 1524 - 1606
56,https://web.archive.org/web/20121010212559/http://www.nga.gov/cgi-bin/tsearch?artistid=8249,Chester,Faris,American, active c. 1935
57,https://web.archive.org/web/20121010212559/http://www.nga.gov/cgi-bin/tsearch?artistid=1773,Joseph Anderson,Faris,American, 1833 - 1909
58,https://web.archive.org/web/20121010212545/http://www.nga.gov/cgi-bin/tsearch?artistid=7494,Paul,Farkas,American, active c. 1935
59,https://web.archive.org/web/20121010212545/http://www.nga.gov/cgi-bin/tsearch?artistid=25704,Ken,Farley,active late 20th century,
60,https://web.archive.org/web/20121010212545/http://www.nga.gov/cgi-bin/tsearch?artistid=29930,Emma Justine,Farnsworth,American, active c. 1890 - 1900
61,https://web.archive.org/web/20121010212545/http://www.nga.gov/cgi-bin/tsearch?artistid=34167,Robert Vale,Faro,American, 1902 - 1988
62,https://web.archive.org/web/20121010212545/http://www.nga.gov/cgi-bin/tsearch?artistid=28136,Jean-Baptiste-Eugene,Farochon,French, 1812 - 1871
63,https://web.archive.org/web/20121010212545/http://www.nga.gov/cgi-bin/tsearch?artistid=6862,George,Farquhar,British, 1678 - 1707
64,https://web.archive.org/web/20121010212545/http://www.nga.gov/cgi-bin/tsearch?artistid=7495,Alfred,Farrell,American, active c. 1935
65,https://web.archive.org/web/20121010212545/http://www.nga.gov/cgi-bin/tsearch?artistid=2497,Henry,Farrer,American, 1843 - 1903
66,https://web.archive.org/web/20121010212545/http://www.nga.gov/cgi-bin/tsearch?artistid=2498,Thomas C.,Farrer,British, 1839 - 1891
67,https://web.archive.org/web/20121010212545/http://www.nga.gov/cgi-bin/tsearch?artistid=7496,Dorothea A.,Farrington,American, active c. 1935
68,https://web.archive.org/web/20121010212545/http://www.nga.gov/cgi-bin/tsearch?artistid=11608,Johann Rudolph,Fäsch,German, 1712 - 1749
69,https://web.archive.org/web/20121010212545/http://www.nga.gov/cgi-bin/tsearch?artistid=27213,Heide,Fasnacht,American, born 1951
70,https://web.archive.org/web/20121010212545/http://www.nga.gov/cgi-bin/tsearch?artistid=7497,Aaron,Fastovsky,American, active c. 1935
71,https://web.archive.org/web/20121010212545/http://www.nga.gov/cgi-bin/tsearch?artistid=4065,,Fathwinter,German, 1906 - 1974
72,https://web.archive.org/web/20121010212545/http://www.nga.gov/cgi-bin/tsearch?artistid=4111,Georges,Faucas,French, 1641 - 1708
73,https://web.archive.org/web/20121010212545/http://www.nga.gov/cgi-bin/tsearch?artistid=4066,Carlo,Faucci,Italian, 1729 - c. 1784
74,https://web.archive.org/web/20121010212545/http://www.nga.gov/cgi-bin/tsearch?artistid=14875,Louis,Faurer,American, 1916 - 2001
75,https://web.archive.org/web/20121010212545/http://www.nga.gov/cgi-bin/tsearch?artistid=17367,Jean,Fautrier,French, 1898 - 1964
76,https://web.archive.org/web/20121010212545/http://www.nga.gov/cgi-bin/tsearch?artistid=4068,Jacques de,Favanne,French, 1716 - 1770
77,https://web.archive.org/web/20121010212545/http://www.nga.gov/cgi-bin/tsearch?artistid=7002,Charles-Simon,Favart,French, 1710 - 1792
78,https://web.archive.org/web/20121010212545/http://www.nga.gov/cgi-bin/tsearch?artistid=7002,M.,Favart,French, 1710 - 1792
79,https://web.archive.org/web/20121010212545/http://www.nga.gov/cgi-bin/tsearch?artistid=34669,Robert,Fawcett,American, 1903 - 1967
80,https://web.archive.org/web/20121010212545/http://www.nga.gov/cgi-bin/tsearch?artistid=33409,Clark,Fay,American, 1894 - 1956
81,https://web.archive.org/web/20121010212545/http://www.nga.gov/cgi-bin/tsearch?artistid=29849,Joseph,Fay,German, 1813 - 1875
82,https://web.archive.org/web/20121010212545/http://www.nga.gov/cgi-bin/tsearch?artistid=6915,Lucas,Faydherbe,Flemish, 1617 - 1697
83,https://web.archive.org/web/20121010212545/http://www.nga.gov/cgi-bin/tsearch?artistid=33410,Harold Knickerbocker,Faye,American, 1910 - 1980
84,https://web.archive.org/web/20121010212545/http://www.nga.gov/cgi-bin/tsearch?artistid=33410,Harold Knickerbocker,Faye,American, 1910 - 1980
85,https://web.archive.org/web/20121010212545/http://www.nga.gov/cgi-bin/tsearch?artistid=34168,Aries,Fayer,American, born 1891
86,https://web.archive.org/web/20121010212545/http://www.nga.gov/cgi-bin/tsearch?artistid=25283,A.,Fays,French, active 1850s
87,https://web.archive.org/web/20121010212609/http://www.nga.gov/cgi-bin/tsearch?artistid=33411,William Kelly,Fearing,American, born 1918
88,https://web.archive.org/web/20121010212609/http://www.nga.gov/cgi-bin/tsearch?artistid=17654,Bill,Featheringill,,
89,https://web.archive.org/web/20121010212609/http://www.nga.gov/cgi-bin/tsearch?artistid=4069,Nikolai,Fechin,American, 1881 - 1955
90,https://web.archive.org/web/20121010212609/http://www.nga.gov/cgi-bin/tsearch?artistid=4069,Nikolai Ivanovich,Fechin,American, 1881 - 1955
91,https://web.archive.org/web/20121010212609/http://www.nga.gov/cgi-bin/tsearch?artistid=2103,Matteo della,Fede,Italian, active 1543/1562
92,https://web.archive.org/web/20121010212609/http://www.nga.gov/cgi-bin/tsearch?artistid=2767,,Federigo Fiammingo,German, c. 1540 - 1599
93,https://web.archive.org/web/20121010212609/http://www.nga.gov/cgi-bin/tsearch?artistid=2037,,Federigo Parmese,Italian, after 1507 - 1588
94,https://web.archive.org/web/20121010212609/http://www.nga.gov/cgi-bin/tsearch?artistid=33412,Magda A.,Feher,American, born Hungary
95,https://web.archive.org/web/20121010212609/http://www.nga.gov/cgi-bin/tsearch?artistid=1276,Paolo di Giovanni,Fei,Italian, mentioned 1369 - 1411
96,https://web.archive.org/web/20121010212609/http://www.nga.gov/cgi-bin/tsearch?artistid=34924,Dorothy Dee Lubell,Feigin,American, 1904 - 1969
97,https://web.archive.org/web/20121010212609/http://www.nga.gov/cgi-bin/tsearch?artistid=4071,Alfred,Feinberg,American, probably 1882 - 1970
98,https://web.archive.org/web/20121010212609/http://www.nga.gov/cgi-bin/tsearch?artistid=1278,Lyonel,Feininger,American, 1871 - 1956
99,https://web.archive.org/web/20121010212609/http://www.nga.gov/cgi-bin/tsearch?artistid=13556,T. Lux,Feininger,American, born Germany
100,https://web.archive.org/web/20121010212609/http://www.nga.gov/cgi-bin/tsearch?artistid=34169,David,Feinstein,American,
101,https://web.archive.org/web/20121010212609/http://www.nga.gov/cgi-bin/tsearch?artistid=1282,Lorser,Feitelson,American, 1898 - 1978
102,https://web.archive.org/web/20121010212609/http://www.nga.gov/cgi-bin/tsearch?artistid=1289,Robert,Feke,American, c. 1707 - c. 1751
103,https://web.archive.org/web/20121010212609/http://www.nga.gov/cgi-bin/tsearch?artistid=33413,Paul A.,Feldhaus,American, 1926 - 2005
104,https://web.archive.org/web/20121010212609/http://www.nga.gov/cgi-bin/tsearch?artistid=4072,Eugene,Feldman,American, 1921 - 1975
105,https://web.archive.org/web/20121010212609/http://www.nga.gov/cgi-bin/tsearch?artistid=33414,Walter,Feldman,American, born 1925
106,https://web.archive.org/web/20121010212609/http://www.nga.gov/cgi-bin/tsearch?artistid=11499,André,Félibien,French, 1619 - 1695
107,https://web.archive.org/web/20121010212609/http://www.nga.gov/cgi-bin/tsearch?artistid=11500,Jean-François,Félibien,French, 1658 - 1733
108,https://web.archive.org/web/20121010212609/http://www.nga.gov/cgi-bin/tsearch?artistid=11501,Michel,Félibien,French, 1665 - 1719
109,https://web.archive.org/web/20121010212609/http://www.nga.gov/cgi-bin/tsearch?artistid=4685,Conrad,Felixmüller,German, 1897 - 1977
110,https://web.archive.org/web/20121010212609/http://www.nga.gov/cgi-bin/tsearch?artistid=24721,Arthur,Fellig,American, 1899 - 1968
111,https://web.archive.org/web/20121010212609/http://www.nga.gov/cgi-bin/tsearch?artistid=14090,Sidney B.,Felsen,American, born 1924
112,https://web.archive.org/web/20121010212609/http://www.nga.gov/cgi-bin/tsearch?artistid=33415,Francine,Felsenthal,American, 1922 - 2000
113,https://web.archive.org/web/20121010212609/http://www.nga.gov/cgi-bin/tsearch?artistid=34775,Otto,Felsing,German,
114,https://web.archive.org/web/20121010212609/http://www.nga.gov/cgi-bin/tsearch?artistid=13154,Wilhelm,Felsing,German,
115,https://web.archive.org/web/20121010212609/http://www.nga.gov/cgi-bin/tsearch?artistid=26640,June,Felter,American, active c. 1997
116,https://web.archive.org/web/20121010212542/http://www.nga.gov/cgi-bin/tsearch?artistid=31160,Peter,Fendi,German, 1796 - 1842
117,https://web.archive.org/web/20121010212542/http://www.nga.gov/cgi-bin/tsearch?artistid=34232,Stanford,Fenelle,American, 1909 - 1995
118,https://web.archive.org/web/20121010212542/http://www.nga.gov/cgi-bin/tsearch?artistid=7003,Francois de Salignac de La Mothe-,Fenelon,French, 1651 - 1715
119,https://web.archive.org/web/20121010212542/http://www.nga.gov/cgi-bin/tsearch?artistid=7499,Michael,Fenga,American, active c. 1935
120,https://web.archive.org/web/20121010212542/http://www.nga.gov/cgi-bin/tsearch?artistid=33416,John Nathaniel,Fenton,American, 1912 - 1977
121,https://web.archive.org/web/20121010212542/http://www.nga.gov/cgi-bin/tsearch?artistid=13369,Roger,Fenton,British, 1819 - 1869
122,https://web.archive.org/web/20121010212542/http://www.nga.gov/cgi-bin/tsearch?artistid=21509,Martino,Ferabosco,Italian, active 1684
123,https://web.archive.org/web/20121010212542/http://www.nga.gov/cgi-bin/tsearch?artistid=2105,Herbert,Ferber,American, 1906 - 1991
124,https://web.archive.org/web/20121010212542/http://www.nga.gov/cgi-bin/tsearch?artistid=33417,Edward R.,Ferguson,American, 1914 - 2001
125,https://web.archive.org/web/20121010212542/http://www.nga.gov/cgi-bin/tsearch?artistid=6557,William Gowe,Ferguson,British, 1632/1633 - c. 1690
126,https://web.archive.org/web/20121010212542/http://www.nga.gov/cgi-bin/tsearch?artistid=7500,William,Fergusson,American, active c. 1935
127,https://web.archive.org/web/20121010212542/http://www.nga.gov/cgi-bin/tsearch?artistid=33418,Nella,Fermi,American, 1931 - 1995
128,https://web.archive.org/web/20121010212542/http://www.nga.gov/cgi-bin/tsearch?artistid=10497,Arman,Fernandez,American, 1928 - 2005
129,https://web.archive.org/web/20121010212542/http://www.nga.gov/cgi-bin/tsearch?artistid=6580,José Antonio,Fernández-Muro,Argentinean, born 1920
130,https://web.archive.org/web/20121010212542/http://www.nga.gov/cgi-bin/tsearch?artistid=4074,King of Portugal,Fernando II,Portuguese, 1816 - 1885
131,https://web.archive.org/web/20121010212542/http://www.nga.gov/cgi-bin/tsearch?artistid=7501,Max,Fernekes,American, 1905 - 1984
132,https://web.archive.org/web/20121010212542/http://www.nga.gov/cgi-bin/tsearch?artistid=1292,John,Ferneley,British, 1782 - 1860
133,https://web.archive.org/web/20121010212542/http://www.nga.gov/cgi-bin/tsearch?artistid=7431,Mario De,Ferrante,American, active c. 1935
134,https://web.archive.org/web/20121010212542/http://www.nga.gov/cgi-bin/tsearch?artistid=2071,Costanzo da,Ferrara,Italian, c. 1450 - died after 1524
135,https://web.archive.org/web/20121010212542/http://www.nga.gov/cgi-bin/tsearch?artistid=8300,,Ferrarese 15th Century,,
136,https://web.archive.org/web/20121010212542/http://www.nga.gov/cgi-bin/tsearch?artistid=8321,,Ferrarese 16th Century,,
137,https://web.archive.org/web/20121010212542/http://www.nga.gov/cgi-bin/tsearch?artistid=16587,,Ferrarese 18th Century,,
138,https://web.archive.org/web/20121010212542/http://www.nga.gov/cgi-bin/tsearch?artistid=16588,,Ferrarese 19th Century,,
139,https://web.archive.org/web/20121010212542/http://www.nga.gov/cgi-bin/tsearch?artistid=34389,Ettore,Ferrari,Italian, 1848 - 1929
140,https://web.archive.org/web/20121010212542/http://www.nga.gov/cgi-bin/tsearch?artistid=2499,Gregorio de,Ferrari,Italian, 1644 - 1726
141,https://web.archive.org/web/20121010212542/http://www.nga.gov/cgi-bin/tsearch?artistid=4075,Leon,Ferrari,Argentinean, born 1920
142,https://web.archive.org/web/20121010212542/http://www.nga.gov/cgi-bin/tsearch?artistid=9744,John,Ferren,American, 1905 - 1970
143,https://web.archive.org/web/20121010212542/http://www.nga.gov/cgi-bin/tsearch?artistid=11646,Pietro,Ferrerio,Italian, 1600 - 1654
144,https://web.archive.org/web/20121010212542/http://www.nga.gov/cgi-bin/tsearch?artistid=19596,Domenico,Ferretti,Italian, 1701 - 1774
145,https://web.archive.org/web/20121010212619/http://www.nga.gov/cgi-bin/tsearch?artistid=19583,Ciro,Ferri,Italian, 1634 - 1689
146,https://web.archive.org/web/20121010212619/http://www.nga.gov/cgi-bin/tsearch?artistid=10595,Ronoldo,Ferri,born 1932,
147,https://web.archive.org/web/20121010212619/http://www.nga.gov/cgi-bin/tsearch?artistid=1295,Martin Edgar,Ferrill,American, 1836 or 1837 - 1897
148,https://web.archive.org/web/20121010212619/http://www.nga.gov/cgi-bin/tsearch?artistid=4076,Edythe,Ferris,American, born 1897
149,https://web.archive.org/web/20121010212619/http://www.nga.gov/cgi-bin/tsearch?artistid=33419,Stephen James,Ferris,American, 1835 - 1915
150,https://web.archive.org/web/20121010212619/http://www.nga.gov/cgi-bin/tsearch?artistid=4266,,Ferro (pseud.),Icelandic, born 1932
151,https://web.archive.org/web/20121010212619/http://www.nga.gov/cgi-bin/tsearch?artistid=5768,Francesco di Simone,Ferrucci,Italian, 1437 - 1493
152,https://web.archive.org/web/20121010212619/http://www.nga.gov/cgi-bin/tsearch?artistid=23826,Claude-Mathieu,Fessard,French, active 1765 - 1805
153,https://web.archive.org/web/20121010212619/http://www.nga.gov/cgi-bin/tsearch?artistid=4077,Etienne,Fessard,French, 1714 - 1777
154,https://web.archive.org/web/20121010212619/http://www.nga.gov/cgi-bin/tsearch?artistid=1298,Domenico,Feti,Italian, 1589 - 1623
155,https://web.archive.org/web/20121010212619/http://www.nga.gov/cgi-bin/tsearch?artistid=1298,Domenico,Fetti,Italian, 1589 - 1623
156,https://web.archive.org/web/20121010212619/http://www.nga.gov/cgi-bin/tsearch?artistid=27680,Rainer,Fetting,German, born 1949
157,https://web.archive.org/web/20121010212619/http://www.nga.gov/cgi-bin/tsearch?artistid=30496,Tomas de,Feu,active late 16th century,
158,https://web.archive.org/web/20121010212619/http://www.nga.gov/cgi-bin/tsearch?artistid=15004,Jean-Jacques,Feuchère,French, 1807 - 1852
159,https://web.archive.org/web/20121010212619/http://www.nga.gov/cgi-bin/tsearch?artistid=22808,Georges de,Feure,French, 1868 - 1943
160,https://web.archive.org/web/20121010212619/http://www.nga.gov/cgi-bin/tsearch?artistid=4078,Francois-Nicolas Auguste,Feyen-Perrin,French, 1826 - 1888
161,https://web.archive.org/web/20121010212619/http://www.nga.gov/cgi-bin/tsearch?artistid=4079,Odoardo,Fialetti,Italian, 1573 - 1638
162,https://web.archive.org/web/20121010212619/http://www.nga.gov/cgi-bin/tsearch?artistid=2107,Francesco Canno,Fiamingo,Flemish, 1597 - 1643
163,https://web.archive.org/web/20121010212619/http://www.nga.gov/cgi-bin/tsearch?artistid=5888,il,Fiammenghino,Italian, 1575 - 1640
164,https://web.archive.org/web/20121010212619/http://www.nga.gov/cgi-bin/tsearch?artistid=2722,il,Fiammenghino,Italian, c. 1561 - probably 1630
165,https://web.archive.org/web/20121010212619/http://www.nga.gov/cgi-bin/tsearch?artistid=2107,il,Fiammingo,Flemish, 1597 - 1643
166,https://web.archive.org/web/20121010212619/http://www.nga.gov/cgi-bin/tsearch?artistid=7502,Joseph,Ficcadenti,American, active c. 1935
167,https://web.archive.org/web/20121010212619/http://www.nga.gov/cgi-bin/tsearch?artistid=6513,Robert,Fichter,American, born 1939
168,https://web.archive.org/web/20121010212619/http://www.nga.gov/cgi-bin/tsearch?artistid=4080,Étienne,Ficquet,French, 1719 - 1794
169,https://web.archive.org/web/20121010212619/http://www.nga.gov/cgi-bin/tsearch?artistid=33420,Edward Loyal,Field,American, 1856 - 1914
170,https://web.archive.org/web/20121010212619/http://www.nga.gov/cgi-bin/tsearch?artistid=1299,Erastus Salisbury,Field,American, 1805 - 1900
171,https://web.archive.org/web/20121010212619/http://www.nga.gov/cgi-bin/tsearch?artistid=9834,Thales,Fielding,British, 1793 - 1837
172,https://web.archive.org/web/20121010212619/http://www.nga.gov/cgi-bin/tsearch?artistid=5492,Ernest,Fiene,American, 1894 - 1965
173,https://web.archive.org/web/20121010212619/http://www.nga.gov/cgi-bin/tsearch?artistid=4082,Hanns,Fierst,German, active 1956
174,https://web.archive.org/web/20121010212720/http://www.nga.gov/cgi-bin/tsearch?artistid=34233,Mary E.,Fife,American, 1904 - 1990
175,https://web.archive.org/web/20121010212720/http://www.nga.gov/cgi-bin/tsearch?artistid=15474,Ambrogio,Figino,Italian, 1548 - 1608
176,https://web.archive.org/web/20121010212720/http://www.nga.gov/cgi-bin/tsearch?artistid=15474,Giovan Ambrogio,Figino,Italian, 1548 - 1608
177,https://web.archive.org/web/20121010212720/http://www.nga.gov/cgi-bin/tsearch?artistid=24004,Stanislaw,Fijalkowski,Polish, born 1922
178,https://web.archive.org/web/20121010212720/http://www.nga.gov/cgi-bin/tsearch?artistid=4084,Phillip,Fike,American, active 1978
179,https://web.archive.org/web/20121010212720/http://www.nga.gov/cgi-bin/tsearch?artistid=2050,Giovanni di Salvatore,Filangieri,Italian, before 1450 - c. 1499
180,https://web.archive.org/web/20121010212720/http://www.nga.gov/cgi-bin/tsearch?artistid=2050,Giovanni,Filangieri Candida,Italian, before 1450 - c. 1499
181,https://web.archive.org/web/20121010212720/http://www.nga.gov/cgi-bin/tsearch?artistid=5763,,Filarete,Italian, c. 1400 - 1469
182,https://web.archive.org/web/20121010212720/http://www.nga.gov/cgi-bin/tsearch?artistid=7503,George,File,American, active c. 1935
183,https://web.archive.org/web/20121010212720/http://www.nga.gov/cgi-bin/tsearch?artistid=989,Alessandro,Filipepi,Italian, 1446 - 1510
184,https://web.archive.org/web/20121010212720/http://www.nga.gov/cgi-bin/tsearch?artistid=1489,Fra,Filippo,Italian, c. 1406 - 1469
185,https://web.archive.org/web/20121010212720/http://www.nga.gov/cgi-bin/tsearch?artistid=5933,,Filippo d'Angeli,Italian, 1585/1591 - 1629
186,https://web.archive.org/web/20121010212720/http://www.nga.gov/cgi-bin/tsearch?artistid=1713,,Filippo di Memmo,Italian, active 1317/1347
187,https://web.archive.org/web/20121010212720/http://www.nga.gov/cgi-bin/tsearch?artistid=5933,,Filippo Napoletano,Italian, 1585/1591 - 1629
188,https://web.archive.org/web/20121010212720/http://www.nga.gov/cgi-bin/tsearch?artistid=6432,Francis E.,Fillebrown,American, born probably 1854
189,https://web.archive.org/web/20121010212720/http://www.nga.gov/cgi-bin/tsearch?artistid=6213,John,Fillian,English, active 1658/1680
190,https://web.archive.org/web/20121010212720/http://www.nga.gov/cgi-bin/tsearch?artistid=4085,Pierre,Filloeul,French, active 1730/1750
191,https://web.archive.org/web/20121010212720/http://www.nga.gov/cgi-bin/tsearch?artistid=6461,John,Filmer,American (?), active 1862/1881
192,https://web.archive.org/web/20121010212720/http://www.nga.gov/cgi-bin/tsearch?artistid=5735,Tully,Filmus,American, born 1903
193,https://web.archive.org/web/20121010212720/http://www.nga.gov/cgi-bin/tsearch?artistid=4086,Giuseppe,Filosi,Italian, active first half 18th century
194,https://web.archive.org/web/20121010212720/http://www.nga.gov/cgi-bin/tsearch?artistid=22404,Heneage 4th Earl of Aylesford,Finch,British, 1751 - 1812
195,https://web.archive.org/web/20121010212720/http://www.nga.gov/cgi-bin/tsearch?artistid=6214,Edward,Finden,British, 1791 - 1857
196,https://web.archive.org/web/20121010212720/http://www.nga.gov/cgi-bin/tsearch?artistid=1302,Perle,Fine,American, 1908 - 1988
197,https://web.archive.org/web/20121010212720/http://www.nga.gov/cgi-bin/tsearch?artistid=2500,Ruth,Fine,American, born 1941
198,https://web.archive.org/web/20121010212720/http://www.nga.gov/cgi-bin/tsearch?artistid=2500,Ruth,Fine Lehrer,American, born 1941
199,https://web.archive.org/web/20121010212720/http://www.nga.gov/cgi-bin/tsearch?artistid=7504,Samuel,Fineman,American, active c. 1935
200,https://web.archive.org/web/20121010212720/http://www.nga.gov/cgi-bin/tsearch?artistid=4087,Michel,Fingesten,Austrian, 1884 - 1943
201,https://web.archive.org/web/20121010212720/http://www.nga.gov/cgi-bin/tsearch?artistid=4088,Maso,Finiguerra,Italian, 1426 - 1464
202,https://web.archive.org/web/20121010212720/http://www.nga.gov/cgi-bin/tsearch?artistid=6842,Aaron,Fink,American, born 1955
203,https://web.archive.org/web/20121010212624/http://www.nga.gov/cgi-bin/tsearch?artistid=33421,Herbert Lewis,Fink,American, born 1921
204,https://web.archive.org/web/20121010212624/http://www.nga.gov/cgi-bin/tsearch?artistid=33422,Lucille,Fink,American, born 1910
205,https://web.archive.org/web/20121010212624/http://www.nga.gov/cgi-bin/tsearch?artistid=7505,Bisby,Finley,American, active c. 1935
206,https://web.archive.org/web/20121010212624/http://www.nga.gov/cgi-bin/tsearch?artistid=33423,Mary L.,Finley Fry,American, 1908 - 1964
207,https://web.archive.org/web/20121010212624/http://www.nga.gov/cgi-bin/tsearch?artistid=20906,Alexander,Finnie,British, 18th century
208,https://web.archive.org/web/20121010212624/http://www.nga.gov/cgi-bin/tsearch?artistid=37024,,Finot,French, active 18th century
209,https://web.archive.org/web/20121010212624/http://www.nga.gov/cgi-bin/tsearch?artistid=33424,Joseph,Fiore,American, born 1925
210,https://web.archive.org/web/20121010212624/http://www.nga.gov/cgi-bin/tsearch?artistid=1997,Adriano,Fiorentino,Italian, c. 1450/1460 - 1499
211,https://web.archive.org/web/20121010212624/http://www.nga.gov/cgi-bin/tsearch?artistid=2108,Niccolò,Fiorentino,Italian, 1430 - 1514
212,https://web.archive.org/web/20121010212624/http://www.nga.gov/cgi-bin/tsearch?artistid=31315,Remigio,Fiorentino,Italian, 1518 - 1580
213,https://web.archive.org/web/20121010212624/http://www.nga.gov/cgi-bin/tsearch?artistid=1837,Rosso,Fiorentino,Italian, 1494 - 1540
214,https://web.archive.org/web/20121010212624/http://www.nga.gov/cgi-bin/tsearch?artistid=4080,Étienne,Fiquet,French, 1719 - 1794
215,https://web.archive.org/web/20121010212624/http://www.nga.gov/cgi-bin/tsearch?artistid=4089,Pierre,Firens I,Flemish, 1597 - 1636/1639
216,https://web.archive.org/web/20121010212624/http://www.nga.gov/cgi-bin/tsearch?artistid=34379,,First Master of the Cortona Antiphonaries,Italian, active 1275 - 1300
217,https://web.archive.org/web/20121010212624/http://www.nga.gov/cgi-bin/tsearch?artistid=24646,Arno,Fischer,German, born 1927
218,https://web.archive.org/web/20121010212624/http://www.nga.gov/cgi-bin/tsearch?artistid=4090,Hans,Fischer,Swiss, 1909 - 1958
219,https://web.archive.org/web/20121010212624/http://www.nga.gov/cgi-bin/tsearch?artistid=33425,Hulda Rotier,Fischer,American, 1893 - 1982
220,https://web.archive.org/web/20121010212624/http://www.nga.gov/cgi-bin/tsearch?artistid=4091,Joseph,Fischer,Austrian, 1769 - 1822
221,https://web.archive.org/web/20121010212624/http://www.nga.gov/cgi-bin/tsearch?artistid=7507,L. Vladimar,Fischer,American, active c. 1935
222,https://web.archive.org/web/20121010212624/http://www.nga.gov/cgi-bin/tsearch?artistid=7508,Ulrich,Fischer,American, active c. 1935
223,https://web.archive.org/web/20121010212624/http://www.nga.gov/cgi-bin/tsearch?artistid=11647,Johann Bernhard,Fischer von Erlach,Austrian, 1656 - 1723
224,https://web.archive.org/web/20121010212624/http://www.nga.gov/cgi-bin/tsearch?artistid=11648,Joseph Emmanuel,Fischer von Erlach,Austrian, 1693 - 1742
225,https://web.archive.org/web/20121010212624/http://www.nga.gov/cgi-bin/tsearch?artistid=6888,Eric,Fischl,American, born 1948
226,https://web.archive.org/web/20121010212624/http://www.nga.gov/cgi-bin/tsearch?artistid=10130,Janet,Fish,American, born 1938
227,https://web.archive.org/web/20121010212624/http://www.nga.gov/cgi-bin/tsearch?artistid=7509,Pauline,Fish,American, active c. 1935
228,https://web.archive.org/web/20121010212624/http://www.nga.gov/cgi-bin/tsearch?artistid=7510,James,Fisher,American, active c. 1935
229,https://web.archive.org/web/20121010212624/http://www.nga.gov/cgi-bin/tsearch?artistid=19102,Joel,Fisher,American, born 1947
230,https://web.archive.org/web/20121010212624/http://www.nga.gov/cgi-bin/tsearch?artistid=4092,Jonathan,Fisher,American, 1768 - 1847
231,https://web.archive.org/web/20121010212624/http://www.nga.gov/cgi-bin/tsearch?artistid=33426,Leonard Everett,Fisher,American, born 1924
232,https://web.archive.org/web/20121010212650/http://www.nga.gov/cgi-bin/tsearch?artistid=4093,Stanley,Fisher,American, born 1925
233,https://web.archive.org/web/20121010212650/http://www.nga.gov/cgi-bin/tsearch?artistid=29896,Stephen,Fisher,American, born 1954
234,https://web.archive.org/web/20121010212650/http://www.nga.gov/cgi-bin/tsearch?artistid=7512,John,Fisk,American, active c. 1935
235,https://web.archive.org/web/20121010212650/http://www.nga.gov/cgi-bin/tsearch?artistid=33427,Gertrude,Fiske,American, 1879 - 1961
236,https://web.archive.org/web/20121010212650/http://www.nga.gov/cgi-bin/tsearch?artistid=4094,Walter Hood,Fitch,British, 1817 - 1892
237,https://web.archive.org/web/20121010212650/http://www.nga.gov/cgi-bin/tsearch?artistid=33428,Eugene Camille,Fitsch,American, 1892 - 1972
238,https://web.archive.org/web/20121010212650/http://www.nga.gov/cgi-bin/tsearch?artistid=6215,James,Fittler,British, 1758 - 1835
239,https://web.archive.org/web/20121010212650/http://www.nga.gov/cgi-bin/tsearch?artistid=4095,Hedley,Fitton,British, 1857 - 1929
240,https://web.archive.org/web/20121010212650/http://www.nga.gov/cgi-bin/tsearch?artistid=33429,Edmond James,Fitzgerald,American, 1912 - 1989
241,https://web.archive.org/web/20121010212650/http://www.nga.gov/cgi-bin/tsearch?artistid=10583,Edward,Fitzgerald,American, born 1927
242,https://web.archive.org/web/20121010212650/http://www.nga.gov/cgi-bin/tsearch?artistid=34928,James Herbert,Fitzgerald,American, 1910 - 1973
243,https://web.archive.org/web/20121010212650/http://www.nga.gov/cgi-bin/tsearch?artistid=25980,John,Fitzgerald,active second half 20th century,
244,https://web.archive.org/web/20121010212650/http://www.nga.gov/cgi-bin/tsearch?artistid=7513,Mary,Fitzgerald,American, active c. 1935
245,https://web.archive.org/web/20121010212650/http://www.nga.gov/cgi-bin/tsearch?artistid=4096,Albert,Flamand,Flemish, c. 1620 - 1669 or after
246,https://web.archive.org/web/20121010212650/http://www.nga.gov/cgi-bin/tsearch?artistid=4096,Albert,Flamen,Flemish, c. 1620 - 1669 or after
247,https://web.archive.org/web/20121010212650/http://www.nga.gov/cgi-bin/tsearch?artistid=5544,Anselme,Flamen,French, 1647 - 1717
248,https://web.archive.org/web/20121010212650/http://www.nga.gov/cgi-bin/tsearch?artistid=4097,Leopold,Flameng,French, 1831 - 1911
249,https://web.archive.org/web/20121010212650/http://www.nga.gov/cgi-bin/tsearch?artistid=23361,Barry,Flanagan,British, 1941 - 2009
250,https://web.archive.org/web/20121010212650/http://www.nga.gov/cgi-bin/tsearch?artistid=1429,Juan de,Flandes,Hispano-Flemish, active 1496 - 1519
251,https://web.archive.org/web/20121010212650/http://www.nga.gov/cgi-bin/tsearch?artistid=35482,Jean-Paul,Flandrin,French, 1811 - 1902
252,https://web.archive.org/web/20121010212650/http://www.nga.gov/cgi-bin/tsearch?artistid=5958,John Bernard,Flannagan,American, 1895 - 1942
253,https://web.archive.org/web/20121010212650/http://www.nga.gov/cgi-bin/tsearch?artistid=7118,Gustave,Flaubert,French, 1821 - 1880
254,https://web.archive.org/web/20121010212650/http://www.nga.gov/cgi-bin/tsearch?artistid=4098,Dan,Flavin,American, 1933 - 1996
255,https://web.archive.org/web/20121010212650/http://www.nga.gov/cgi-bin/tsearch?artistid=4098,Daniel Nicholas Jr.,Flavin,American, 1933 - 1996
256,https://web.archive.org/web/20121010212650/http://www.nga.gov/cgi-bin/tsearch?artistid=2501,John,Flaxman,British, 1755 - 1826
257,https://web.archive.org/web/20121010212650/http://www.nga.gov/cgi-bin/tsearch?artistid=5694,Mary Ann,Flaxman,British, 1768 - 1833
258,https://web.archive.org/web/20121010212650/http://www.nga.gov/cgi-bin/tsearch?artistid=6216,Johann Friedrich,Fleischberger,Bavarian, active 1650
259,https://web.archive.org/web/20121010212650/http://www.nga.gov/cgi-bin/tsearch?artistid=2699,Horace J. ?,Fleisher,American (?), active 1930
260,https://web.archive.org/web/20121010212650/http://www.nga.gov/cgi-bin/tsearch?artistid=4099,Alexander Patrick,Fleming,British (?), active 20th century
261,https://web.archive.org/web/20121010212602/http://www.nga.gov/cgi-bin/tsearch?artistid=7514,Elmo,Fleming,American, active c. 1935
262,https://web.archive.org/web/20121010212602/http://www.nga.gov/cgi-bin/tsearch?artistid=34467,,Flemish 15th Century,,
263,https://web.archive.org/web/20121010212602/http://www.nga.gov/cgi-bin/tsearch?artistid=8348,,Flemish 16th Century,,
264,https://web.archive.org/web/20121010212602/http://www.nga.gov/cgi-bin/tsearch?artistid=8352,,Flemish 17th Century,,
265,https://web.archive.org/web/20121010212602/http://www.nga.gov/cgi-bin/tsearch?artistid=23474,Robert de,Flers,French, 1872 - 1927
266,https://web.archive.org/web/20121010212602/http://www.nga.gov/cgi-bin/tsearch?artistid=23474,Robert Marquis de,Flers,French, 1872 - 1927
267,https://web.archive.org/web/20121010212602/http://www.nga.gov/cgi-bin/tsearch?artistid=7515,Daniel,Fletcher,American, active c. 1935
268,https://web.archive.org/web/20121010212602/http://www.nga.gov/cgi-bin/tsearch?artistid=6343,William,Fletcher,English, active 1644
269,https://web.archive.org/web/20121010212602/http://www.nga.gov/cgi-bin/tsearch?artistid=7516,William O.,Fletcher,American, active c. 1935
270,https://web.archive.org/web/20121010212602/http://www.nga.gov/cgi-bin/tsearch?artistid=22975,M.,Fleurot,French,
271,https://web.archive.org/web/20121010212602/http://www.nga.gov/cgi-bin/tsearch?artistid=34926,Eugene,Fleury,American, 1913 - 1984
272,https://web.archive.org/web/20121010212602/http://www.nga.gov/cgi-bin/tsearch?artistid=6984,Jules,Fleury,French, 1821 - 1889
273,https://web.archive.org/web/20121010212602/http://www.nga.gov/cgi-bin/tsearch?artistid=28425,Léon-François-Antoine,Fleury,French, 1804 - 1858
274,https://web.archive.org/web/20121010212602/http://www.nga.gov/cgi-bin/tsearch?artistid=27316,Claude,Flight,British, 1881 - 1955
275,https://web.archive.org/web/20121010212602/http://www.nga.gov/cgi-bin/tsearch?artistid=2502,Govaert,Flinck,Dutch, 1615 - 1660
276,https://web.archive.org/web/20121010212602/http://www.nga.gov/cgi-bin/tsearch?artistid=2502,Govert,Flinck,Dutch, 1615 - 1660
277,https://web.archive.org/web/20121010212602/http://www.nga.gov/cgi-bin/tsearch?artistid=4100,Paul,Flindt II,German, active 1601 - 1618
278,https://web.archive.org/web/20121010212602/http://www.nga.gov/cgi-bin/tsearch?artistid=33430,Susan Willard,Flint,American, 1902 - 1984
279,https://web.archive.org/web/20121010212602/http://www.nga.gov/cgi-bin/tsearch?artistid=33431,William LeRoy,Flint,American, 1909 - 1991
280,https://web.archive.org/web/20121010212602/http://www.nga.gov/cgi-bin/tsearch?artistid=2503,William Russell,Flint,Scottish, 1880 - 1969
281,https://web.archive.org/web/20121010212602/http://www.nga.gov/cgi-bin/tsearch?artistid=2503,W. Russell,Flint,Scottish, 1880 - 1969
282,https://web.archive.org/web/20121010212602/http://www.nga.gov/cgi-bin/tsearch?artistid=4101,Jean-Jacques,Flipart,French, 1719 - 1782
283,https://web.archive.org/web/20121010212602/http://www.nga.gov/cgi-bin/tsearch?artistid=4101,Jean-Jacques,Flippart,French, 1719 - 1782
284,https://web.archive.org/web/20121010212602/http://www.nga.gov/cgi-bin/tsearch?artistid=14758,Henry,Flitcroft,British, 1697 - 1769
285,https://web.archive.org/web/20121010212602/http://www.nga.gov/cgi-bin/tsearch?artistid=4102,Albert,Flocon,French, born 1909
286,https://web.archive.org/web/20121010212602/http://www.nga.gov/cgi-bin/tsearch?artistid=4104,Richard,Floethe,American, 1901 - 1988
287,https://web.archive.org/web/20121010212602/http://www.nga.gov/cgi-bin/tsearch?artistid=4105,Ede,Flor,Dutch, born 1925
288,https://web.archive.org/web/20121010212602/http://www.nga.gov/cgi-bin/tsearch?artistid=4105,Eduard,Flor,Dutch, born 1925
289,https://web.archive.org/web/20121010212602/http://www.nga.gov/cgi-bin/tsearch?artistid=33433,James,Flora,American, 1914 - 1998
290,https://web.archive.org/web/20121010212535/http://www.nga.gov/cgi-bin/tsearch?artistid=8295,,Florentine 15th Century,Italian, 15th century
291,https://web.archive.org/web/20121010212535/http://www.nga.gov/cgi-bin/tsearch?artistid=8311,,Florentine 16th Century,Italian, 16th century
292,https://web.archive.org/web/20121010212535/http://www.nga.gov/cgi-bin/tsearch?artistid=26289,,Florentine 17th Century,Italian, 17th century
293,https://web.archive.org/web/20121010212535/http://www.nga.gov/cgi-bin/tsearch?artistid=8338,,Florentine 19th Century,Italian, 19th century
294,https://web.archive.org/web/20121010212535/http://www.nga.gov/cgi-bin/tsearch?artistid=7004,,Florian,French, 1755 - 1794
295,https://web.archive.org/web/20121010212535/http://www.nga.gov/cgi-bin/tsearch?artistid=4106,Frédéric,Florian,Swiss, 1858 - 1926
296,https://web.archive.org/web/20121010212535/http://www.nga.gov/cgi-bin/tsearch?artistid=7004,Jean-Pierre Claris de,Florian,French, 1755 - 1794
297,https://web.archive.org/web/20121010212535/http://www.nga.gov/cgi-bin/tsearch?artistid=2504,Frans,Floris I,Flemish, c. 1519 - 1570
298,https://web.archive.org/web/20121010212535/http://www.nga.gov/cgi-bin/tsearch?artistid=4107,Cornelis,Floris II,Flemish, 1514 - 1575
299,https://web.archive.org/web/20121010212535/http://www.nga.gov/cgi-bin/tsearch?artistid=4108,Richard A.,Florsheim,American, 1916 - 1979
300,https://web.archive.org/web/20121010212535/http://www.nga.gov/cgi-bin/tsearch?artistid=4108,Richard,Florsheim Art Fund,American, 1916 - 1979
301,https://web.archive.org/web/20121010212535/http://www.nga.gov/cgi-bin/tsearch?artistid=4109,Arthur L.,Flory,American, 1914 - 1972
302,https://web.archive.org/web/20121010212535/http://www.nga.gov/cgi-bin/tsearch?artistid=4110,Peter,Flötner,German, c. 1485 - 1546
303,https://web.archive.org/web/20121010212535/http://www.nga.gov/cgi-bin/tsearch?artistid=7517,Lawrence,Flynn,American, 1900 - 1973
304,https://web.archive.org/web/20121010212535/http://www.nga.gov/cgi-bin/tsearch?artistid=7005,Mme. Eugenie,Foa,French, born 1795 or 1798
305,https://web.archive.org/web/20121010212535/http://www.nga.gov/cgi-bin/tsearch?artistid=4111,Georges,Focus,French, 1641 - 1708
306,https://web.archive.org/web/20121010212535/http://www.nga.gov/cgi-bin/tsearch?artistid=33434,Seymour,Fogel,American, 1911 - 1984
307,https://web.archive.org/web/20121010212535/http://www.nga.gov/cgi-bin/tsearch?artistid=2109,Giovanni Battista,Foggini,Italian, 1652 - 1725
308,https://web.archive.org/web/20121010212535/http://www.nga.gov/cgi-bin/tsearch?artistid=4113,Jan,Fokke,Dutch, 1742 - 1812
309,https://web.archive.org/web/20121010212535/http://www.nga.gov/cgi-bin/tsearch?artistid=6613,Simon,Fokke,Netherlandish, 1712 - 1784
310,https://web.archive.org/web/20121010212535/http://www.nga.gov/cgi-bin/tsearch?artistid=33435,Cornelia MacIntyre,Foley,American, born 1909
311,https://web.archive.org/web/20121010212535/http://www.nga.gov/cgi-bin/tsearch?artistid=4114,Anna,Folkema,Dutch, 1695 - 1768
312,https://web.archive.org/web/20121010212535/http://www.nga.gov/cgi-bin/tsearch?artistid=31470,Ladislav,Foltýn,Slovak, 1906 -  2002
313,https://web.archive.org/web/20121010212535/http://www.nga.gov/cgi-bin/tsearch?artistid=26227,Philipp von,Foltz,German, 1805 - 1877
314,https://web.archive.org/web/20121010212535/http://www.nga.gov/cgi-bin/tsearch?artistid=6680,Pierre-François-Léonard,Fontaine,French, 1762 - 1853
315,https://web.archive.org/web/20121010212535/http://www.nga.gov/cgi-bin/tsearch?artistid=2110,Annibale,Fontana,Italian, 1540 - 1587
316,https://web.archive.org/web/20121010212535/http://www.nga.gov/cgi-bin/tsearch?artistid=5897,Carlo,Fontana,Italian, 1634 - 1714
317,https://web.archive.org/web/20121010212535/http://www.nga.gov/cgi-bin/tsearch?artistid=11649,Domenico,Fontana,Italian, 1543 - 1607
318,https://web.archive.org/web/20121010212535/http://www.nga.gov/cgi-bin/tsearch?artistid=5687,Francesco,Fontana,Italian, 1668 - 1708
319,https://web.archive.org/web/20121010212714/http://www.nga.gov/cgi-bin/tsearch?artistid=6872,Giovanni Battista,Fontana,Italian, c. 1524 - 1587
320,https://web.archive.org/web/20121010212714/http://www.nga.gov/cgi-bin/tsearch?artistid=2314,Guido,Fontana,Italian, active 1520 - 1576
321,https://web.archive.org/web/20121010212714/http://www.nga.gov/cgi-bin/tsearch?artistid=4116,Lucio,Fontana,Italian, 1899 - 1968
322,https://web.archive.org/web/20121010212714/http://www.nga.gov/cgi-bin/tsearch?artistid=2506,Francesco,Fontebasso,Italian, 1709 - 1769
323,https://web.archive.org/web/20121010212714/http://www.nga.gov/cgi-bin/tsearch?artistid=2507,F.H.,Foot,American, active probably 19th century
324,https://web.archive.org/web/20121010212714/http://www.nga.gov/cgi-bin/tsearch?artistid=2053,Caradosso,Foppa,Italian, c. 1452 - 1526/1527
325,https://web.archive.org/web/20121010212714/http://www.nga.gov/cgi-bin/tsearch?artistid=2053,Cristoforo,Foppa,Italian, c. 1452 - 1526/1527
326,https://web.archive.org/web/20121010212714/http://www.nga.gov/cgi-bin/tsearch?artistid=1311,Vincenzo,Foppa,Italian, c. 1430 - 1515/1516
327,https://web.archive.org/web/20121010212714/http://www.nga.gov/cgi-bin/tsearch?artistid=1315,Jean-Louis,Forain,French, 1852 - 1931
328,https://web.archive.org/web/20121010212714/http://www.nga.gov/cgi-bin/tsearch?artistid=2508,Edwin,Forbes,American, 1839 - 1895
329,https://web.archive.org/web/20121010212714/http://www.nga.gov/cgi-bin/tsearch?artistid=2508,Edwin C.,Forbes,American, 1839 - 1895
330,https://web.archive.org/web/20121010212714/http://www.nga.gov/cgi-bin/tsearch?artistid=30158,Comte de,Forbin,French, born c. 1721
331,https://web.archive.org/web/20121010212714/http://www.nga.gov/cgi-bin/tsearch?artistid=19614,Bryce,Ford,,
332,https://web.archive.org/web/20121010212714/http://www.nga.gov/cgi-bin/tsearch?artistid=7518,Mildred,Ford,American, active c. 1935
333,https://web.archive.org/web/20121010212714/http://www.nga.gov/cgi-bin/tsearch?artistid=7519,Samuel W.,Ford,American, active c. 1935
334,https://web.archive.org/web/20121010212714/http://www.nga.gov/cgi-bin/tsearch?artistid=36661,S. W.,Fores,British,
335,https://web.archive.org/web/20121010212714/http://www.nga.gov/cgi-bin/tsearch?artistid=26657,Eugène-Hippolyte,Forest,French, born 1808
336,https://web.archive.org/web/20121010212714/http://www.nga.gov/cgi-bin/tsearch?artistid=29805,George de,Forest Brush,American, 1854/1855 - 1941
337,https://web.archive.org/web/20121010212714/http://www.nga.gov/cgi-bin/tsearch?artistid=25690,Günther,Förg,German, born 1952
338,https://web.archive.org/web/20121010212714/http://www.nga.gov/cgi-bin/tsearch?artistid=7520,Bessie,Forman,American, active c. 1935
339,https://web.archive.org/web/20121010212714/http://www.nga.gov/cgi-bin/tsearch?artistid=34628,Nino,Formoso,Italian, published 1918
340,https://web.archive.org/web/20121010212714/http://www.nga.gov/cgi-bin/tsearch?artistid=6217,Jacques de,Fornazeris,French, active 1570/1619
341,https://web.archive.org/web/20121010212714/http://www.nga.gov/cgi-bin/tsearch?artistid=6959,William,Forrest,Scottish, 1805 - 1889
342,https://web.archive.org/web/20121010212714/http://www.nga.gov/cgi-bin/tsearch?artistid=4117,James,Forsberg,American, born 1919
343,https://web.archive.org/web/20121010212714/http://www.nga.gov/cgi-bin/tsearch?artistid=4117,Jim,Forsberg,American, born 1919
344,https://web.archive.org/web/20121010212714/http://www.nga.gov/cgi-bin/tsearch?artistid=35749,Heinrich von,Förster,German, 1832 - 1889
345,https://web.archive.org/web/20121010212714/http://www.nga.gov/cgi-bin/tsearch?artistid=12369,Louis,Fort,French, active first half 20th century
346,https://web.archive.org/web/20121010212714/http://www.nga.gov/cgi-bin/tsearch?artistid=33437,Karl Eugene,Fortess,American, 1907 - 1993
347,https://web.archive.org/web/20121010212714/http://www.nga.gov/cgi-bin/tsearch?artistid=30851,,Fortoul,,
348,https://web.archive.org/web/20121010212717/http://www.nga.gov/cgi-bin/tsearch?artistid=4118,Giovanni,Fortuna,Italian, 1535 - 1611
349,https://web.archive.org/web/20121010212717/http://www.nga.gov/cgi-bin/tsearch?artistid=23922,Mariano,Fortuny y Carbó,Spanish, 1838 - 1874
350,https://web.archive.org/web/20121010212717/http://www.nga.gov/cgi-bin/tsearch?artistid=23922,Mariano,Fortuny y Marsal,Spanish, 1838 - 1874
351,https://web.archive.org/web/20121010212717/http://www.nga.gov/cgi-bin/tsearch?artistid=6155,Jean-Jacques,Forty,French, 1743 - 1800
352,https://web.archive.org/web/20121010212717/http://www.nga.gov/cgi-bin/tsearch?artistid=26768,Davide,Fossati,Swiss, 1708 - c. 1799
353,https://web.archive.org/web/20121010212717/http://www.nga.gov/cgi-bin/tsearch?artistid=18704,Domenico,Fossati,Italian, 1743 - 1784
354,https://web.archive.org/web/20121010212717/http://www.nga.gov/cgi-bin/tsearch?artistid=11174,Giorgio,Fossati,Swiss, 1705 - 1785
355,https://web.archive.org/web/20121010212717/http://www.nga.gov/cgi-bin/tsearch?artistid=27434,Charles de la,Fosse,French, 1636 - 1716
356,https://web.archive.org/web/20121010212717/http://www.nga.gov/cgi-bin/tsearch?artistid=7142,Charles-Louis François de,Fossé,French, 1734 - 1812
357,https://web.archive.org/web/20121010212717/http://www.nga.gov/cgi-bin/tsearch?artistid=7521,Clementine,Fossek,American, active c. 1935
358,https://web.archive.org/web/20121010212717/http://www.nga.gov/cgi-bin/tsearch?artistid=7522,Magnus S.,Fossum,American, 1888 - 1980
359,https://web.archive.org/web/20121010212717/http://www.nga.gov/cgi-bin/tsearch?artistid=34234,Syd,Fossum,American, 1909 - 1978
360,https://web.archive.org/web/20121010212717/http://www.nga.gov/cgi-bin/tsearch?artistid=4119,Birket,Foster,British, 1825 - 1899
361,https://web.archive.org/web/20121010212717/http://www.nga.gov/cgi-bin/tsearch?artistid=7523,Lawrence,Foster,American, active c. 1935
362,https://web.archive.org/web/20121010212717/http://www.nga.gov/cgi-bin/tsearch?artistid=4119,Myles Birket,Foster,British, 1825 - 1899
363,https://web.archive.org/web/20121010212717/http://www.nga.gov/cgi-bin/tsearch?artistid=22321,William,Foster,British, died 1812
364,https://web.archive.org/web/20121010212717/http://www.nga.gov/cgi-bin/tsearch?artistid=12080,Ignace,Fougeron,died c. 1760,
365,https://web.archive.org/web/20121010212717/http://www.nga.gov/cgi-bin/tsearch?artistid=4120,Tsugouharu,Foujita,Japanese, 1886 - 1968
366,https://web.archive.org/web/20121010212717/http://www.nga.gov/cgi-bin/tsearch?artistid=4121,Pierre,Fourdrinier,French, c. 1720 - 1758
367,https://web.archive.org/web/20121010212717/http://www.nga.gov/cgi-bin/tsearch?artistid=32881,H.,Fournier,French, 19th century
368,https://web.archive.org/web/20121010212717/http://www.nga.gov/cgi-bin/tsearch?artistid=34925,Frank Daniel,Fousek,American, 1913 - 1979
369,https://web.archive.org/web/20121010212717/http://www.nga.gov/cgi-bin/tsearch?artistid=7524,Catherine,Fowler,American, active c. 1935
370,https://web.archive.org/web/20121010212717/http://www.nga.gov/cgi-bin/tsearch?artistid=30919,Belinda,Fox,Australian, born 1975
371,https://web.archive.org/web/20121010212717/http://www.nga.gov/cgi-bin/tsearch?artistid=7525,Eva,Fox,American, active c. 1935
372,https://web.archive.org/web/20121010212717/http://www.nga.gov/cgi-bin/tsearch?artistid=6460,Frederick E.,Fox,American, active 1852/1861
373,https://web.archive.org/web/20121010212717/http://www.nga.gov/cgi-bin/tsearch?artistid=34929,Milton S.,Fox,American, 1904 - 1971
374,https://web.archive.org/web/20121010212717/http://www.nga.gov/cgi-bin/tsearch?artistid=33439,Frances M.,Foy,American, 1890 - 1963
375,https://web.archive.org/web/20121010212717/http://www.nga.gov/cgi-bin/tsearch?artistid=10175,Patrick,Foy,American, active 1975
376,https://web.archive.org/web/20121010212717/http://www.nga.gov/cgi-bin/tsearch?artistid=99,,Fra Angelico,Italian, c. 1395 - 1455
377,https://web.archive.org/web/20121010212628/http://www.nga.gov/cgi-bin/tsearch?artistid=2358,,Fra Bartolommeo,Italian, 1472 - 1517
378,https://web.archive.org/web/20121010212628/http://www.nga.gov/cgi-bin/tsearch?artistid=1691,,Fra Carnevale,Italian, active c. 1445 - 1484
379,https://web.archive.org/web/20121010212628/http://www.nga.gov/cgi-bin/tsearch?artistid=4122,Wolfgang,Frager,German, born 1923
380,https://web.archive.org/web/20121010212628/http://www.nga.gov/cgi-bin/tsearch?artistid=30889,Georges,Fragerolle,French,
381,https://web.archive.org/web/20121010212628/http://www.nga.gov/cgi-bin/tsearch?artistid=2111,Lorenzo,Fragni,Italian, 1548 - 1619
382,https://web.archive.org/web/20121010212628/http://www.nga.gov/cgi-bin/tsearch?artistid=4123,Alexandre-Evariste,Fragonard,French, 1780 - 1850
383,https://web.archive.org/web/20121010212628/http://www.nga.gov/cgi-bin/tsearch?artistid=1316,Jean-Honoré,Fragonard,French, 1732 - 1806
384,https://web.archive.org/web/20121010212628/http://www.nga.gov/cgi-bin/tsearch?artistid=33440,Walter Keith,Frame,American, 1895 - 1957
385,https://web.archive.org/web/20121010212628/http://www.nga.gov/cgi-bin/tsearch?artistid=10576,Hollis,Frampton,American, 1936 - 1984
386,https://web.archive.org/web/20121010212628/http://www.nga.gov/cgi-bin/tsearch?artistid=6792,Francois-Louis,Francais,French, 1814 - 1897
387,https://web.archive.org/web/20121010212628/http://www.nga.gov/cgi-bin/tsearch?artistid=11356,Louis XIV,France,French, 1638 - 1715
388,https://web.archive.org/web/20121010212628/http://www.nga.gov/cgi-bin/tsearch?artistid=10672,Louis XVI,France,French, 1754 - 1793
389,https://web.archive.org/web/20121010212628/http://www.nga.gov/cgi-bin/tsearch?artistid=10670,Louis XV,France,French, 1710 - 1774
390,https://web.archive.org/web/20121010212628/http://www.nga.gov/cgi-bin/tsearch?artistid=7526,Michael,France,American, active c. 1935
391,https://web.archive.org/web/20121010212628/http://www.nga.gov/cgi-bin/tsearch?artistid=1787,Piero dei,Franceschi,Italian, c. 1416/1417 - 1492
392,https://web.archive.org/web/20121010212628/http://www.nga.gov/cgi-bin/tsearch?artistid=1787,Pietro di Benedetto dei,Franceschi,Italian, c. 1416/1417 - 1492
393,https://web.archive.org/web/20121010212628/http://www.nga.gov/cgi-bin/tsearch?artistid=2509,Baldassare,Franceschini,Italian, 1611 - 1689
394,https://web.archive.org/web/20121010212628/http://www.nga.gov/cgi-bin/tsearch?artistid=18508,Domenico,Franceschini,Italian, active 1705 - 1735
395,https://web.archive.org/web/20121010212628/http://www.nga.gov/cgi-bin/tsearch?artistid=12045,Marcantonio,Franceschini,,
396,https://web.archive.org/web/20121010212628/http://www.nga.gov/cgi-bin/tsearch?artistid=4124,Vincenzo,Franceschini,Italian, 1680 - c. 1750
397,https://web.archive.org/web/20121010212628/http://www.nga.gov/cgi-bin/tsearch?artistid=2113,,Francesco da Sangallo,Italian, 1494 - 1576
398,https://web.archive.org/web/20121010212628/http://www.nga.gov/cgi-bin/tsearch?artistid=1856,,Francesco de' Rossi,Italian, 1510 - 1563
399,https://web.archive.org/web/20121010212628/http://www.nga.gov/cgi-bin/tsearch?artistid=1318,,Francesco di Giorgio,Italian, 1439 - 1501
400,https://web.archive.org/web/20121010212628/http://www.nga.gov/cgi-bin/tsearch?artistid=1318,,Francesco di Giorgio Martini,Italian, 1439 - 1501
401,https://web.archive.org/web/20121010212628/http://www.nga.gov/cgi-bin/tsearch?artistid=1779,,Francesco di Stefano,Italian, c. 1422 - 1457
402,https://web.archive.org/web/20121010212628/http://www.nga.gov/cgi-bin/tsearch?artistid=131,,Francesco d'Ubertino Verdi,Italian, 1494 - 1557
403,https://web.archive.org/web/20121010212628/http://www.nga.gov/cgi-bin/tsearch?artistid=2689,Cesare,Franchi,Italian, c. 1560 - c. 1600
404,https://web.archive.org/web/20121010212628/http://www.nga.gov/cgi-bin/tsearch?artistid=6805,Lucas the Younger,Franchoys,Flemish, 1616 - 1681
405,https://web.archive.org/web/20121010212628/http://www.nga.gov/cgi-bin/tsearch?artistid=6805,Lucas,Franchoys the Younger,Flemish, 1616 - 1681
406,https://web.archive.org/web/20121010212532/http://www.nga.gov/cgi-bin/tsearch?artistid=1319,Francesco,Francia,Italian, c. 1447 - 1517
407,https://web.archive.org/web/20121010212532/http://www.nga.gov/cgi-bin/tsearch?artistid=19551,Francesco Maria,Francia,Italian, 1657 - 1735
408,https://web.archive.org/web/20121010212532/http://www.nga.gov/cgi-bin/tsearch?artistid=1319,il,Francia,Italian, c. 1447 - 1517
409,https://web.archive.org/web/20121010212532/http://www.nga.gov/cgi-bin/tsearch?artistid=4125,Jacopo,Francia,Italian, 1486 or before - 1557
410,https://web.archive.org/web/20121010212532/http://www.nga.gov/cgi-bin/tsearch?artistid=11466,Alessandro,Francini,Italian, died 1648
411,https://web.archive.org/web/20121010212532/http://www.nga.gov/cgi-bin/tsearch?artistid=4126,Sam,Francis,American, 1923 - 1994
412,https://web.archive.org/web/20121010212532/http://www.nga.gov/cgi-bin/tsearch?artistid=10161,Richard,Francisco,American, born 1942
413,https://web.archive.org/web/20121010212532/http://www.nga.gov/cgi-bin/tsearch?artistid=4127,Alfred von,Franck,Austrian, 1808 - 1884
414,https://web.archive.org/web/20121010212532/http://www.nga.gov/cgi-bin/tsearch?artistid=4769,Hans,Franck,German, probably 1495 - 1526
415,https://web.archive.org/web/20121010212532/http://www.nga.gov/cgi-bin/tsearch?artistid=29946,Hans Ulrich,Franck,German, c. 1590 - 1675
416,https://web.archive.org/web/20121010212532/http://www.nga.gov/cgi-bin/tsearch?artistid=4128,Maximilian,Franck,German, c. 1780 - 1830 or after
417,https://web.archive.org/web/20121010212532/http://www.nga.gov/cgi-bin/tsearch?artistid=5878,Frans the Younger,Francken,Flemish, 1581 - 1642
418,https://web.archive.org/web/20121010212532/http://www.nga.gov/cgi-bin/tsearch?artistid=5878,Frans,Francken the Younger,Flemish, 1581 - 1642
419,https://web.archive.org/web/20121010212532/http://www.nga.gov/cgi-bin/tsearch?artistid=29946,,Franckh,German, c. 1590 - 1675
420,https://web.archive.org/web/20121010212532/http://www.nga.gov/cgi-bin/tsearch?artistid=2510,Battista,Franco,Italian, probably 1498 - 1561
421,https://web.archive.org/web/20121010212532/http://www.nga.gov/cgi-bin/tsearch?artistid=6368,Giacomo,Franco,Italian, 1550 - 1620
422,https://web.archive.org/web/20121010212532/http://www.nga.gov/cgi-bin/tsearch?artistid=8343,,Franco-Flemish 15th Century,,
423,https://web.archive.org/web/20121010212532/http://www.nga.gov/cgi-bin/tsearch?artistid=8349,,Franco-Flemish 16th Century,,
424,https://web.archive.org/web/20121010212532/http://www.nga.gov/cgi-bin/tsearch?artistid=36258,Jean-Charles,Francois,French, 1717 - 1769
425,https://web.archive.org/web/20121010212532/http://www.nga.gov/cgi-bin/tsearch?artistid=4129,Jean-Charles,François,French, 1717 - 1769
426,https://web.archive.org/web/20121010212532/http://www.nga.gov/cgi-bin/tsearch?artistid=4130,Simon,François,French, 1606 - 1671
427,https://web.archive.org/web/20121010212532/http://www.nga.gov/cgi-bin/tsearch?artistid=26552,,Franconian 15th Century,,
428,https://web.archive.org/web/20121010212532/http://www.nga.gov/cgi-bin/tsearch?artistid=4131,Eugene M.,Frandzen,American, active 20th century
429,https://web.archive.org/web/20121010212532/http://www.nga.gov/cgi-bin/tsearch?artistid=4132,Hans,Frank,German, born 1884
430,https://web.archive.org/web/20121010212532/http://www.nga.gov/cgi-bin/tsearch?artistid=10042,Mary,Frank,American, born 1933
431,https://web.archive.org/web/20121010212532/http://www.nga.gov/cgi-bin/tsearch?artistid=6747,Robert,Frank,American, born Switzerland
432,https://web.archive.org/web/20121010212532/http://www.nga.gov/cgi-bin/tsearch?artistid=7527,William,Frank,American, active c. 1935
433,https://web.archive.org/web/20121010212532/http://www.nga.gov/cgi-bin/tsearch?artistid=6793,Ingomar,Frankel,French, active 19th century
434,https://web.archive.org/web/20121010212532/http://www.nga.gov/cgi-bin/tsearch?artistid=1320,Helen,Frankenthaler,American, 1928 - 2011
435,https://web.archive.org/web/20121010212706/http://www.nga.gov/cgi-bin/tsearch?artistid=1320,Helen Ms.,Frankenthaler,American, 1928 - 2011
436,https://web.archive.org/web/20121010212706/http://www.nga.gov/cgi-bin/tsearch?artistid=4133,Antonio,Frasconi,American, born 1919
437,https://web.archive.org/web/20121010212706/http://www.nga.gov/cgi-bin/tsearch?artistid=33441,Leona Pierce,Frasconi,American, 1921 - 2002
438,https://web.archive.org/web/20121010212706/http://www.nga.gov/cgi-bin/tsearch?artistid=29922,William A.,Fraser,American, c. 1840 - 1925
439,https://web.archive.org/web/20121010212706/http://www.nga.gov/cgi-bin/tsearch?artistid=5550,Christophe,Fratin,French, 1801 - 1864
440,https://web.archive.org/web/20121010212706/http://www.nga.gov/cgi-bin/tsearch?artistid=15049,Domenico Maria,Fratta,Italian, 1696 - 1763
441,https://web.archive.org/web/20121010212706/http://www.nga.gov/cgi-bin/tsearch?artistid=7529,Cornelius,Frazier,American, active c. 1935
442,https://web.archive.org/web/20121010212706/http://www.nga.gov/cgi-bin/tsearch?artistid=11467,Sieur de Chambray,Fréart,French, 1606 - 1676
443,https://web.archive.org/web/20121010212706/http://www.nga.gov/cgi-bin/tsearch?artistid=22099,Suzan,Frecon,American, born 1941
444,https://web.archive.org/web/20121010212706/http://www.nga.gov/cgi-bin/tsearch?artistid=33442,Stephen A.,Fredericks,American, born 1954
445,https://web.archive.org/web/20121010212706/http://www.nga.gov/cgi-bin/tsearch?artistid=4134,Jean-Martial,Fredou,French, c. 1711 - 1795
446,https://web.archive.org/web/20121010212706/http://www.nga.gov/cgi-bin/tsearch?artistid=33443,Ernest Bradfield,Freed,American, 1908 - 1974
447,https://web.archive.org/web/20121010212706/http://www.nga.gov/cgi-bin/tsearch?artistid=33444,Louise Arnstein,Freedman,American, 1915 - 2001
448,https://web.archive.org/web/20121010212706/http://www.nga.gov/cgi-bin/tsearch?artistid=34287,Allan Randall,Freelon,American, 1895 - 1960
449,https://web.archive.org/web/20121010212706/http://www.nga.gov/cgi-bin/tsearch?artistid=14970,Dan,Freeman,,
450,https://web.archive.org/web/20121010212706/http://www.nga.gov/cgi-bin/tsearch?artistid=33445,Don,Freeman,American, 1908 - 1978
451,https://web.archive.org/web/20121010212706/http://www.nga.gov/cgi-bin/tsearch?artistid=33446,Mark,Freeman,American, 1908 - 2003
452,https://web.archive.org/web/20121010212706/http://www.nga.gov/cgi-bin/tsearch?artistid=6110,Samuel,Freeman,British, 1773 - 1857
453,https://web.archive.org/web/20121010212706/http://www.nga.gov/cgi-bin/tsearch?artistid=33447,Frederick W.,Freer,American, 1849 - 1908
454,https://web.archive.org/web/20121010212706/http://www.nga.gov/cgi-bin/tsearch?artistid=6744,Peter,Freeth,British, born 1938
455,https://web.archive.org/web/20121010212706/http://www.nga.gov/cgi-bin/tsearch?artistid=23797,,Freiburg-im-Breisgau 16th Century,,
456,https://web.archive.org/web/20121010212706/http://www.nga.gov/cgi-bin/tsearch?artistid=23798,,Freiburg-im-Breisgau 17th Century,,
457,https://web.archive.org/web/20121010212706/http://www.nga.gov/cgi-bin/tsearch?artistid=26710,Jane,Freilicher,American, born 1924
458,https://web.archive.org/web/20121010212706/http://www.nga.gov/cgi-bin/tsearch?artistid=35067,Robert J.,Freiman,American, 1917 - 1991
459,https://web.archive.org/web/20121010212706/http://www.nga.gov/cgi-bin/tsearch?artistid=33448,Robert Matthew,Freimark,American, born 1922
460,https://web.archive.org/web/20121010212706/http://www.nga.gov/cgi-bin/tsearch?artistid=10546,Jean,Frélaut,French, 1879 - 1954
461,https://web.archive.org/web/20121010212706/http://www.nga.gov/cgi-bin/tsearch?artistid=6530,Daniel Chester,French,American, 1850 - 1931
462,https://web.archive.org/web/20121010212706/http://www.nga.gov/cgi-bin/tsearch?artistid=6408,Frank,French,American, 1850 - 1933
463,https://web.archive.org/web/20121010212706/http://www.nga.gov/cgi-bin/tsearch?artistid=30771,Herbert G.,French,American, 1872 - 1942
464,https://web.archive.org/web/20121010212641/http://www.nga.gov/cgi-bin/tsearch?artistid=5494,Jared,French,American, born 1905
465,https://web.archive.org/web/20121010212641/http://www.nga.gov/cgi-bin/tsearch?artistid=4678,,French 12th Century,,
466,https://web.archive.org/web/20121010212641/http://www.nga.gov/cgi-bin/tsearch?artistid=4679,,French 13th Century,,
467,https://web.archive.org/web/20121010212641/http://www.nga.gov/cgi-bin/tsearch?artistid=5548,,French 14th Century,,
468,https://web.archive.org/web/20121010212641/http://www.nga.gov/cgi-bin/tsearch?artistid=2828,,French 15th Century,,
469,https://web.archive.org/web/20121010212641/http://www.nga.gov/cgi-bin/tsearch?artistid=2829,,French 16th Century,,
470,https://web.archive.org/web/20121010212641/http://www.nga.gov/cgi-bin/tsearch?artistid=2830,,French 17th Century,,
471,https://web.archive.org/web/20121010212641/http://www.nga.gov/cgi-bin/tsearch?artistid=2831,,French 18th Century,,
472,https://web.archive.org/web/20121010212641/http://www.nga.gov/cgi-bin/tsearch?artistid=2832,,French 19th Century,,
473,https://web.archive.org/web/20121010212641/http://www.nga.gov/cgi-bin/tsearch?artistid=5635,,French 20th Century,,
474,https://web.archive.org/web/20121010212641/http://www.nga.gov/cgi-bin/tsearch?artistid=34638,,French early 16th century,,
475,https://web.archive.org/web/20121010212641/http://www.nga.gov/cgi-bin/tsearch?artistid=26072,Jean-Baptiste,Frénet,French, 1814 - 1889
476,https://web.archive.org/web/20121010212641/http://www.nga.gov/cgi-bin/tsearch?artistid=7530,Herbert S.,Frere,American, active c. 1935
477,https://web.archive.org/web/20121010212641/http://www.nga.gov/cgi-bin/tsearch?artistid=6814,Lucian,Freud,British, 1922 - 2011
478,https://web.archive.org/web/20121010212641/http://www.nga.gov/cgi-bin/tsearch?artistid=6814,Lucien Michael,Freud,British, 1922 - 2011
479,https://web.archive.org/web/20121010212641/http://www.nga.gov/cgi-bin/tsearch?artistid=4135,Sigmund,Freudenberger,Swiss, 1745 - 1801
480,https://web.archive.org/web/20121010212641/http://www.nga.gov/cgi-bin/tsearch?artistid=33449,Harry Louis,Freund,American, 1905 - 1999
481,https://web.archive.org/web/20121010212641/http://www.nga.gov/cgi-bin/tsearch?artistid=4147,Jakob,Frey,Swiss, 1681 - 1752
482,https://web.archive.org/web/20121010212641/http://www.nga.gov/cgi-bin/tsearch?artistid=6219,Johannes Pieter de,Frey,Dutch, 1770 - 1834
483,https://web.archive.org/web/20121010212641/http://www.nga.gov/cgi-bin/tsearch?artistid=34423,Johann Jakob,Frey,Swiss, 1813 - 1865
484,https://web.archive.org/web/20121010212641/http://www.nga.gov/cgi-bin/tsearch?artistid=4147,Johann Jakob,Frey,Swiss, 1681 - 1752
485,https://web.archive.org/web/20121010212641/http://www.nga.gov/cgi-bin/tsearch?artistid=3143,Maria Electrina von,Freyberg,German, 1797 - 1847
486,https://web.archive.org/web/20121010212641/http://www.nga.gov/cgi-bin/tsearch?artistid=26776,Hans,Freyberger,German, 1571 - 1631
487,https://web.archive.org/web/20121010212641/http://www.nga.gov/cgi-bin/tsearch?artistid=26776,Johann,Freyberger,German, 1571 - 1631
488,https://web.archive.org/web/20121010212641/http://www.nga.gov/cgi-bin/tsearch?artistid=4136,Giovanni Girolamo,Frezza,Italian, 1659 - c. 1741
489,https://web.archive.org/web/20121010212641/http://www.nga.gov/cgi-bin/tsearch?artistid=32924,Stephan,Fridolin,German, 1430 - 1498
490,https://web.archive.org/web/20121010212641/http://www.nga.gov/cgi-bin/tsearch?artistid=27214,Nancy,Fried,American, born 1945
491,https://web.archive.org/web/20121010212641/http://www.nga.gov/cgi-bin/tsearch?artistid=4137,Elias,Friedensohn,American, born 1924
492,https://web.archive.org/web/20121010212641/http://www.nga.gov/cgi-bin/tsearch?artistid=4138,Johnny,Friedlaender,French (born German), 1912 - 1992
493,https://web.archive.org/web/20121010212634/http://www.nga.gov/cgi-bin/tsearch?artistid=19553,Jacob,Friedland,American, active 1930s
494,https://web.archive.org/web/20121010212634/http://www.nga.gov/cgi-bin/tsearch?artistid=4138,,,French (born German), 1912 - 1992
495,https://web.archive.org/web/20121010212634/http://www.nga.gov/cgi-bin/tsearch?artistid=4139,Isac,Friedlander,American, 1888 - 1968
496,https://web.archive.org/web/20121010212634/http://www.nga.gov/cgi-bin/tsearch?artistid=6514,Lee,Friedlander,American, born 1934
497,https://web.archive.org/web/20121010212634/http://www.nga.gov/cgi-bin/tsearch?artistid=6514,Lee Norman,Friedlander,American, born 1934
498,https://web.archive.org/web/20121010212634/http://www.nga.gov/cgi-bin/tsearch?artistid=25871,Arnold,Friedman,American, 1874 - 1946
499,https://web.archive.org/web/20121010212634/http://www.nga.gov/cgi-bin/tsearch?artistid=35407,Martin,Friedman,American, born 1925
500,https://web.archive.org/web/20121010212634/http://www.nga.gov/cgi-bin/tsearch?artistid=35407,Martin Lee,Friedman,American, born 1925
501,https://web.archive.org/web/20121010212634/http://www.nga.gov/cgi-bin/tsearch?artistid=6885,Caspar David,Friedrich,German, 1774 - 1840
502,https://web.archive.org/web/20121010212634/http://www.nga.gov/cgi-bin/tsearch?artistid=13626,Ernst,Fries,German, 1801 - 1833
503,https://web.archive.org/web/20121010212634/http://www.nga.gov/cgi-bin/tsearch?artistid=35999,Pia,Fries,Swiss, born 1955
504,https://web.archive.org/web/20121010212634/http://www.nga.gov/cgi-bin/tsearch?artistid=1323,Frederick Carl,Frieseke,American, 1874 - 1939
505,https://web.archive.org/web/20121010212634/http://www.nga.gov/cgi-bin/tsearch?artistid=4140,P.,Frieselhem,German, active 18th century
506,https://web.archive.org/web/20121010212634/http://www.nga.gov/cgi-bin/tsearch?artistid=30869,Frederick Trapp,Friis,American, 1865 - 1909
507,https://web.archive.org/web/20121010212634/http://www.nga.gov/cgi-bin/tsearch?artistid=23513,Elisabeth,Frink,British, 1930 - 1993
508,https://web.archive.org/web/20121010212634/http://www.nga.gov/cgi-bin/tsearch?artistid=23513,Elisabeth Jean,Frink,British, 1930 - 1993
509,https://web.archive.org/web/20121010212634/http://www.nga.gov/cgi-bin/tsearch?artistid=4141,Simon,Frisius,Dutch, c. 1580 - 1629
510,https://web.archive.org/web/20121010212634/http://www.nga.gov/cgi-bin/tsearch?artistid=4141,Simon Wynhoutsz,Frisius,Dutch, c. 1580 - 1629
511,https://web.archive.org/web/20121010212634/http://www.nga.gov/cgi-bin/tsearch?artistid=16469,Francis,Frith,British, 1822 - 1898
512,https://web.archive.org/web/20121010212634/http://www.nga.gov/cgi-bin/tsearch?artistid=7531,E. Allen,Fritz,American, active c. 1935
513,https://web.archive.org/web/20121010212634/http://www.nga.gov/cgi-bin/tsearch?artistid=2511,Paul,Froelich,American, 1897/1898 - c. 1966
514,https://web.archive.org/web/20121010212634/http://www.nga.gov/cgi-bin/tsearch?artistid=4142,Louis-Pierre,Fromant,French, active first half 19th century
515,https://web.archive.org/web/20121010212634/http://www.nga.gov/cgi-bin/tsearch?artistid=4142,Louis-Pierre,Froment,French, active first half 19th century
516,https://web.archive.org/web/20121010212634/http://www.nga.gov/cgi-bin/tsearch?artistid=6868,Charles,Fromuth,American, 1858 - 1937
517,https://web.archive.org/web/20121010212634/http://www.nga.gov/cgi-bin/tsearch?artistid=19643,Carl,Frosch,German, 1771 - after 1800
518,https://web.archive.org/web/20121010212634/http://www.nga.gov/cgi-bin/tsearch?artistid=2512,George,Frost,British, c. 1754 - 1821
519,https://web.archive.org/web/20121010212634/http://www.nga.gov/cgi-bin/tsearch?artistid=9833,William Edward,Frost,British, 1810 - 1877
520,https://web.archive.org/web/20121010212634/http://www.nga.gov/cgi-bin/tsearch?artistid=1324,James,Frothingham,American, 1786 - 1864
521,https://web.archive.org/web/20121010212634/http://www.nga.gov/cgi-bin/tsearch?artistid=10643,Aline,Fruhauf,American, 1907 - 1978
522,https://web.archive.org/web/20121010212607/http://www.nga.gov/cgi-bin/tsearch?artistid=19644,C.,Frussotte,French, active 1800
523,https://web.archive.org/web/20121010212607/http://www.nga.gov/cgi-bin/tsearch?artistid=24465,Philip,Fruytiers,Flemish, 1610 - 1666
524,https://web.archive.org/web/20121010212607/http://www.nga.gov/cgi-bin/tsearch?artistid=1325,Georgia Timken,Fry,American, 1864 - 1921
525,https://web.archive.org/web/20121010212607/http://www.nga.gov/cgi-bin/tsearch?artistid=6220,William Thomas,Fry,British, 1789 - 1843
526,https://web.archive.org/web/20121010212607/http://www.nga.gov/cgi-bin/tsearch?artistid=4143,Thomas,Frye,Irish, 1710 - 1762
527,https://web.archive.org/web/20121010212607/http://www.nga.gov/cgi-bin/tsearch?artistid=24654,Tu,Fu,Chinese, 712 - 770
528,https://web.archive.org/web/20121010212607/http://www.nga.gov/cgi-bin/tsearch?artistid=25671,M.G.,Fuchs,active c. 1890 - 1910,
529,https://web.archive.org/web/20121010212607/http://www.nga.gov/cgi-bin/tsearch?artistid=7533,Betty,Fuerst,American, active c. 1935
530,https://web.archive.org/web/20121010212607/http://www.nga.gov/cgi-bin/tsearch?artistid=27344,Friedrich Heinrich,Füger,German, 1751 - 1818
531,https://web.archive.org/web/20121010212607/http://www.nga.gov/cgi-bin/tsearch?artistid=27344,Heinrich,Füger,German, 1751 - 1818
532,https://web.archive.org/web/20121010212607/http://www.nga.gov/cgi-bin/tsearch?artistid=5598,Josef von,Führich,Austrian, 1800 - 1876
533,https://web.archive.org/web/20121010212607/http://www.nga.gov/cgi-bin/tsearch?artistid=4120,Tsugouharu,Fujita,Japanese, 1886 - 1968
534,https://web.archive.org/web/20121010212607/http://www.nga.gov/cgi-bin/tsearch?artistid=7534,Elisabeth,Fulda,American, active c. 1935
535,https://web.archive.org/web/20121010212607/http://www.nga.gov/cgi-bin/tsearch?artistid=35087,Arthur,Fuller,American, 1889 - 1966
536,https://web.archive.org/web/20121010212607/http://www.nga.gov/cgi-bin/tsearch?artistid=35087,Arthur Davenport,Fuller,American, 1889 - 1966
537,https://web.archive.org/web/20121010212607/http://www.nga.gov/cgi-bin/tsearch?artistid=1326,George,Fuller,American, 1822 - 1884
538,https://web.archive.org/web/20121010212607/http://www.nga.gov/cgi-bin/tsearch?artistid=6221,Isaac,Fuller,English, 1606 - 1672
539,https://web.archive.org/web/20121010212607/http://www.nga.gov/cgi-bin/tsearch?artistid=24412,Martin,Fuller,American, active 1930/1940
540,https://web.archive.org/web/20121010212607/http://www.nga.gov/cgi-bin/tsearch?artistid=26464,Rachel,Fuller,,
541,https://web.archive.org/web/20121010212607/http://www.nga.gov/cgi-bin/tsearch?artistid=4144,Sue,Fuller,American, 1914 - 2006
542,https://web.archive.org/web/20121010212607/http://www.nga.gov/cgi-bin/tsearch?artistid=4145,John,Fullwood,British, active 1874 - 1931
543,https://web.archive.org/web/20121010212607/http://www.nga.gov/cgi-bin/tsearch?artistid=20048,Hamish,Fulton,British, born 1946
544,https://web.archive.org/web/20121010212607/http://www.nga.gov/cgi-bin/tsearch?artistid=33451,Edwin L.,Fulwider,American, 1913 - 2004
545,https://web.archive.org/web/20121010212607/http://www.nga.gov/cgi-bin/tsearch?artistid=33452,Kathryn,Fulwider,American, 1916 - 2003
546,https://web.archive.org/web/20121010212607/http://www.nga.gov/cgi-bin/tsearch?artistid=34822,Barbara,Fumagalli,American, born 1926
547,https://web.archive.org/web/20121010212607/http://www.nga.gov/cgi-bin/tsearch?artistid=7535,Frank,Fumagalli,American, active c. 1935
548,https://web.archive.org/web/20121010212607/http://www.nga.gov/cgi-bin/tsearch?artistid=26007,Xavier,Fumat,American, born 1963
549,https://web.archive.org/web/20121010212607/http://www.nga.gov/cgi-bin/tsearch?artistid=19103,Katsura,Funakoshi,Japanese, born 1951
550,https://web.archive.org/web/20121010212607/http://www.nga.gov/cgi-bin/tsearch?artistid=11211,Lee,Funderburg,,
551,https://web.archive.org/web/20121010212553/http://www.nga.gov/cgi-bin/tsearch?artistid=24607,Jaromír,Funke,Czech, 1896 - 1945
552,https://web.archive.org/web/20121010212553/http://www.nga.gov/cgi-bin/tsearch?artistid=6196,Sebastian,Furck,German, 1600 - 1655
553,https://web.archive.org/web/20121010212553/http://www.nga.gov/cgi-bin/tsearch?artistid=6198,Paul,Furst,German, 1605 - 1666
554,https://web.archive.org/web/20121010212553/http://www.nga.gov/cgi-bin/tsearch?artistid=11609,Joseph,Furttenbach,German, 1591 - 1667
555,https://web.archive.org/web/20121010212553/http://www.nga.gov/cgi-bin/tsearch?artistid=2513,Henry,Fuseli,Swiss, 1741 - 1825
556,https://web.archive.org/web/20121010212553/http://www.nga.gov/cgi-bin/tsearch?artistid=33453,Howard,Fussiner,American, 1923 - 2006
557,https://web.archive.org/web/20121010212553/http://www.nga.gov/cgi-bin/tsearch?artistid=2513,Johann Heinrich,Füssli,Swiss, 1741 - 1825
558,https://web.archive.org/web/20121010212553/http://www.nga.gov/cgi-bin/tsearch?artistid=6485,Johann Melchior,Füssli,Swiss, 1677 - 1736
559,https://web.archive.org/web/20121010212553/http://www.nga.gov/cgi-bin/tsearch?artistid=29957,Klaus,Fussmann,German, born 1938
560,https://web.archive.org/web/20121010212553/http://www.nga.gov/cgi-bin/tsearch?artistid=4146,Jan,Fyt,Flemish, 1611 - 1661
